[{
  "_id": {
    "$oid": "63d0e9c64fea71424c09c598"
  },
  "username": "hafid",
  "password": "123",
  "nama": "Hafid Al Wakhid"
},{
  "_id": {
    "$oid": "63d0eb704fea71424c09c599"
  },
  "username": "ridho",
  "password": "123",
  "nama": "Ridho Wahyu Ramadhan"
},{
  "_id": {
    "$oid": "63d0ebed4fea71424c09c59a"
  },
  "username": "ebi",
  "password": "123",
  "nama": "Ebiyu"
},{
  "_id": {
    "$oid": "63d0ef394fea71424c09c59d"
  },
  "username": "ebiyou",
  "password": "1234",
  "nama": "ebhiyu"
},{
  "_id": {
    "$oid": "63d1e52971a0a8faf10ff982"
  },
  "username": "akusaya",
  "password": "1112",
  "nama": "akukamu"
},{
  "_id": {
    "$oid": "63d27fe6f718c32ee902d032"
  },
  "username": "cobalagi",
  "password": "123",
  "nama": "coba lagi"
}]